[{"D:\\tmp\\GoogleDrive\\application\\SublimeText\\Data\\Packages\\User\\Preferences.sublime-settings": "ASCII"}, {"S:\\node\\package.json": "ASCII"}, {"S:\\node\\test2.js": "ASCII"}, {"S:\\node\\test.js": "ASCII"}, {"D:\\tmp\\GoogleDrive\\application\\SublimeText\\Data\\Packages\\SublimeCodeIntel\\SublimeCodeIntel.sublime-settings": "ASCII"}, {"D:\\tmp\\GoogleDrive\\application\\SublimeText\\Data\\Packages\\HTML-CSS-JS Prettify\\Default (Windows).sublime-keymap": "ASCII"}, {"D:\\tmp\\GoogleDrive\\application\\SublimeText\\Data\\Packages\\HTML-CSS-JS Prettify\\HTMLPrettify.sublime-settings": "ASCII"}, {"D:\\tmp\\GoogleDrive\\application\\SublimeText\\Data\\Packages\\HTML-CSS-JS Prettify\\.jsbeautifyrc": "ASCII"}, {"D:\\java\\workspace\\README.md": "UTF-8"}, {"D:\\tmp\\GoogleDrive\\application\\SublimeText\\Data\\Packages\\User\\Default (Windows).sublime-keymap": "ASCII"}, {"D:\\java\\workspace\\test_js\\hoge2.js": "ASCII"}, {"D:\\java\\workspace\\test_js\\hoge2.html": "ASCII"}, {"C:\\Users\\k-hosoya\\git\\wos2\\www-backoffice\\template\\eigyo\\order\\search.vm": "UTF-8"}, {"C:\\Users\\k-hosoya\\git\\wos2\\common\\src\\main\\resources\\jp\\co\\rex\\wos\\common\\messages.properties": "ASCII"}, {"null": "ASCII"}, {"C:\\Users\\k-hosoya\\git\\wos2\\www\\template\\common\\sp\\store\\prefecture\\detail.vm": "UTF-8"}, {"C:\\Users\\k-hosoya\\git\\wos2\\www\\template\\common\\store\\prefecture\\detail.vm": "UTF-8"}, {"C:\\hosoya\\SVN\\rex-wos-renewal\\trunk\\01.DEV\\05.IT(\u7d50\u5408\u30c6\u30b9\u30c8)\\\u30ea\u30f3\u30af\u30b7\u30a7\u30a2\u8cc7\u6599\\\u691c\u8a3c\u74b0\u5883\u30c6\u30b9\u30c8\u30b1\u30fc\u30b9201606\\\u3059\u3057\u4e0a\u7b49_\u691c\u8a3c\u74b0\u5883\u30c6\u30b9\u30c8\u30b1\u30fc\u30b9(20160616\u7248)\\\u3059\u3057\u4e0a\u7b49__\u306f\u3058\u3081\u306b\u304a\u8aad\u307f\u304f\u3060\u3055\u3044.txt": "SHIFT_JIS"}, {"C:\\Users\\k-hosoya\\git\\wos2\\www\\template\\common\\my\\mod_member\\confirm.vm": "UTF-8"}, {"C:\\hosoya\\\u60c5\u5831\u66f4\u65b0\u307e\u3068\u3081.txt": "UTF-8"}, {"C:\\Users\\k-hosoya\\git\\wos2\\www\\template\\common\\sp\\my\\mod_member\\index.vm": "UTF-8"}, {"C:\\Users\\k-hosoya\\git\\wos2\\www\\template\\common\\sp\\my\\account.vm": "UTF-8"}, {"c:\\users\\k-hosoya\\appdata\\local\\temp\\clipboard@b5oaje": "ASCII"}, {"C:\\Users\\k-hosoya\\git\\wos2\\www\\template\\common\\my\\mod_member\\index.vm": "UTF-8"}, {"C:\\Users\\k-hosoya\\git\\wos2\\www\\template\\common\\my\\account.vm": "UTF-8"}, {"C:\\hosoya\\dbdump_insert_20160523.txt": "UTF-8"}, {"C:\\hosoya\\SVN\\rex-wos-renewal\\trunk\\01.DEV\\06.ST(\u30b7\u30b9\u30c6\u30e0\u30c6\u30b9\u30c8)\\\u6027\u80fd\u30c6\u30b9\u30c8\\wos\u306e\u53c2\u8003\u8cc7\u6599\u30d1\u30b9.txt": "CP932"}, {"\\\\fs0.ad.imjp.co.jp\\proj\\rex_wos2\\03_\u30b7\u30b9\u30c6\u30e0\u958b\u767a\\hosoya\\\u30c7\u30a3\u30b9\u30ab\u30a6\u30f3\u30c8\u306a\u8a71.txt": "UTF-8"}, {"C:\\hosoya\\SVN\\rex-wos-renewal\\trunk\\01.DEV\\05.IT(\u7d50\u5408\u30c6\u30b9\u30c8)\\work\\stgTSV\\\u65b0\u3057\u3044\u30d5\u30a9\u30eb\u30c0\u30fc\\mstDiscount_101.tsv": "SHIFT_JIS"}, {"C:\\hosoya\\SVN\\rex-wos-renewal\\trunk\\01.DEV\\05.IT(\u7d50\u5408\u30c6\u30b9\u30c8)\\work\\stgTSV\\\u65b0\u3057\u3044\u30d5\u30a9\u30eb\u30c0\u30fc\\mstDiscountMember_101.tsv": "SHIFT_JIS"}, {"C:\\hosoya\\SVN\\rex-wos-renewal\\trunk\\01.DEV\\05.IT(\u7d50\u5408\u30c6\u30b9\u30c8)\\work\\stgTSV\\\u65b0\u3057\u3044\u30d5\u30a9\u30eb\u30c0\u30fc\\mstPresent_101.tsv": "SHIFT_JIS"}, {"C:\\hosoya\\SVN\\rex-wos-renewal\\trunk\\01.DEV\\05.IT(\u7d50\u5408\u30c6\u30b9\u30c8)\\work\\stgTSV\\\u65b0\u3057\u3044\u30d5\u30a9\u30eb\u30c0\u30fc\\mstVoucher.tsv": "SHIFT_JIS"}, {"C:\\Users\\k-hosoya\\AppData\\Local\\Temp\\scp02634\\data\\www\\stg-batch.localhost\\import\\importMst\\daily\\import\\20160527\\mstDiscountMember_101.tsv": "SHIFT_JIS"}, {"C:\\hosoya\\SVN\\rex-wos-renewal\\trunk\\01.DEV\\05.IT(\u7d50\u5408\u30c6\u30b9\u30c8)\\work\\\u9589\u585e\u7b49\\\u8abf\u67fb\u7d50\u679c\u3092\u8e0f\u307e\u3048\u305f\u4fee\u6b63\u5185\u5bb9.txt": "SHIFT_JIS"}, {"C:\\Users\\k-hosoya\\AppData\\Local\\Temp\\scp14665\\data\\www\\stg-batch.localhost\\import\\importMst\\daily\\import\\20160526\\mstDiscount_101.tsv": "SHIFT_JIS"}, {"C:\\Users\\k-hosoya\\AppData\\Local\\Temp\\scp14354\\data\\www\\stg-batch.localhost\\import\\importMst\\daily\\import\\20160526\\mstDiscountShop_101.tsv": "SHIFT_JIS"}, {"C:\\hosoya\\terminalLog\\winscp_wos2.log": "UTF-8"}, {"C:\\Users\\k-hosoya\\Desktop\\\u30c7\u30a3\u30b9\u30ab\u30a6\u30f3\u30c8\u30de\u30b9\u30bf\u53d6\u8fbc\u6642\u306e\u30ed\u30b0.txt": "SHIFT_JIS"}, {"C:\\Users\\k-hosoya\\Desktop\\\u4f8b\u5916\u30ed\u30b02.log": "UTF-8"}, {"C:\\hosoya\\\u7d50\u5408\u30c6\u30b9\u30c8\\\u4f8b\u5916\u30ed\u30b02.log": "UTF-8"}, {"C:\\hosoya\\terminalLog\\teraterm20160524113434_gate.rexnet.jp.log": "SHIFT_JIS"}, {"C:\\hosoya\\dbdump_table_20160523.txt": "UTF-8"}, {"C:\\hosoya\\terminalLog\\teraterm20160523142539_gate.rexnet.jp.log": "SHIFT_JIS"}, {"C:\\Users\\k-hosoya\\Desktop\\\u4f8b\u5916\u30ed\u30b0.log": "UTF-8"}, {"C:\\hosoya\\\u30a4\u30f3\u30b7\u30c7\u30f3\u30c8\\\u4f8b\u5916\u30ed\u30b0.log": "UTF-8"}, {"C:\\Users\\k-hosoya\\Desktop\\\u30b5\u30fc\u30d0\u3067\u767a\u751f\u3057\u3066\u3044\u308b\u4f8b\u5916.log": "UTF-8"}, {"C:\\hosoya\\\u6ce8\u6587XML\\\u6ce8\u6587XML\u6bd4\u8f03\\\u53c2\u7167.txt": "UTF-8"}, {"C:\\hosoya\\\u6ce8\u6587XML\\PT01\\wos2.xml": "UTF-8"}, {"C:\\Users\\k-hosoya\\Desktop\\new.xml": "UTF-8"}, {"C:\\Users\\k-hosoya\\Desktop\\old.xml": "UTF-8"}, {"C:\\Users\\k-hosoya\\Desktop\\\u65b0\u3057\u3044\u30c6\u30ad\u30b9\u30c8 \u30c9\u30ad\u30e5\u30e1\u30f3\u30c8.txt": "SHIFT_JIS"}, {"C:\\Users\\k-hosoya\\Desktop\\\u793e\u5185\u30eb\u30fc\u30eb.txt": "ASCII"}, {"C:\\Users\\k-hosoya\\AppData\\Local\\Temp\\cu0usxlw.txt": "ASCII"}, {"C:\\hosoya\\\u5e97\u8217\u30b9\u30c6\u30fc\u30bf\u30b9\u3001\u914d\u9054\u5f85\u3061\u6642\u9593\u30e1\u30e2.txt": "UTF-8"}, {"C:\\hosoya\\JUnit\u307e\u3068\u3081.txt": "UTF-8"}, {"C:\\hosoya\\SVN\\rex-wos-renewal\\trunk\\01.DEV\\05.IT(\u7d50\u5408\u30c6\u30b9\u30c8)\\work\\0510\u30b7\u30ca\u30ea\u30aa\u30d9\u30fc\u30b9.txt": "CP932"}, {"c:\\users\\k-hosoya\\appdata\\local\\temp\\clipboard@57hkm5": "UTF-8"}, {"C:\\hosoya\\\u30bb\u30c3\u30b7\u30e7\u30f3\u30bf\u30a4\u30e0\u30a2\u30a6\u30c8.txt": "UTF-8"}, {"c:\\users\\k-hosoya\\appdata\\local\\temp\\clipboard@_h21ip": "UTF-8"}, {"c:\\users\\k-hosoya\\appdata\\local\\temp\\clipboard@ptrg4s": "ASCII"}, {"c:\\users\\k-hosoya\\appdata\\local\\temp\\clipboard@a_xh7z": "ASCII"}, {"c:\\users\\k-hosoya\\appdata\\local\\temp\\clipboard@dan9s3": "UTF-8"}, {"C:\\ProgramData\\MySQL\\MySQL Server 5.6\\data\\mysql_query.log.sql": "ASCII"}, {"C:\\hosoya\\SVN\\rex-wos-renewal\\trunk\\01.DEV\\05.IT(\u7d50\u5408\u30c6\u30b9\u30c8)\\\u30c6\u30b9\u30c8\u30c7\u30fc\u30bf\u4f5c\u6210\\03_01_\u30c7\u30fc\u30bf\u30b5\u30f3\u30d7\u30eb_\u5546\u54c1.txt": "SHIFT_JIS"}, {"C:\\Users\\k-hosoya\\Desktop\\\u30a8\u30e9\u30fc\u30ed\u30b0_20160509.txt": "SHIFT_JIS"}, {"null": "UTF-8"}, {"C:\\hosoya\\application\\putty\\PuTTY20160426104805_gate.rexnet.jp.log": "ASCII"}, {"C:\\Users\\k-hosoya\\git\\wos2\\www\\htdocs\\common\\sp\\order\\js\\deliveryaddress.js": "ASCII"}, {"C:\\hosoya\\application\\Sublime Text\\Data\\Packages\\User\\trailing_spaces.sublime-settings": "UTF-8"}, {"C:\\Users\\k-hosoya\\git\\wos2\\www\\htdocs\\common\\order\\js\\step3.js": "ASCII"}, {"C:\\Users\\k-hosoya\\git\\wos2\\www\\template\\common\\sp\\order\\member\\regist.vm": "UTF-8"}, {"C:\\hosoya\\SVN\\rex-wos-renewal\\trunk\\01.DEV\\02.BD(\u57fa\u672c\u8a2d\u8a08)\\01.\u30b7\u30b9\u30c6\u30e0\u958b\u767a\\7_DB\u8a2d\u8a08\\WOS2.sql": "UTF-8"}, {"C:\\hosoya\\\u65e2\u5b58\u30bd\u30fc\u30b9\\Rex\\www\\ginsara\\htdocs\\material\\common\\js\\gaLoaderMember.js": "UTF-8"}, {"C:\\Users\\k-hosoya\\git\\wos2\\www\\htdocs\\common\\com\\js\\gaLoaderMember.js": "UTF-8"}, {"c:\\users\\k-hosoya\\appdata\\local\\temp\\clipboard@ltgkqc": "UTF-8"}, {"C:\\Users\\k-hosoya\\git\\wos2\\www\\htdocs\\common\\sp\\regist\\js\\validator.js": "UTF-8"}, {"C:\\Users\\k-hosoya\\git\\wos2\\www\\htdocs\\common\\regist\\js\\validator.js": "UTF-8"}, {"C:\\Users\\k-hosoya\\git\\wos2\\www\\htdocs\\common\\regist\\js\\regist.js": "UTF-8"}, {"c:\\users\\k-hosoya\\appdata\\local\\temp\\clipboard@5m4r32": "ASCII"}, {"C:\\Users\\k-hosoya\\Desktop\\sitemap.xml": "ASCII"}, {"C:\\Users\\k-hosoya\\git\\wos2\\www\\template\\common\\sp\\order\\member\\confirm.vm": "UTF-8"}, {"C:\\Users\\k-hosoya\\git\\wos2\\www\\template\\common\\sp\\regist\\index_content.vm": "UTF-8"}, {"C:\\Users\\k-hosoya\\git\\wos2\\www\\template\\ginsara\\sp\\_inc\\store\\meta_store.vm": "UTF-8"}, {"C:\\Users\\k-hosoya\\git\\wos2\\www\\template\\ginsara\\sp\\_inc\\store\\meta_detail.vm": "UTF-8"}, {"C:\\Users\\k-hosoya\\git\\wos2\\www\\template\\ginsara\\sp\\_inc\\order\\member\\meta_regist.vm": "UTF-8"}, {"C:\\Users\\k-hosoya\\git\\wos2\\www\\template\\ginsara\\sp\\_inc\\order\\member\\meta_confirm.vm": "UTF-8"}, {"C:\\Users\\k-hosoya\\git\\wos2\\www\\template\\ginsara\\_inc\\order\\meta_step1.vm": "UTF-8"}, {"C:\\Users\\k-hosoya\\git\\wos2\\www\\template\\ginsara\\_inc\\order\\member\\meta_regist.vm": "UTF-8"}, {"C:\\Users\\k-hosoya\\git\\wos2\\www\\template\\ginsara\\_inc\\order\\member\\meta_confirm.vm": "UTF-8"}, {"C:\\Users\\k-hosoya\\git\\wos2\\www\\template\\common\\regist\\confirm.vm": "UTF-8"}, {"C:\\Users\\k-hosoya\\git\\wos2\\www\\template\\common\\sp\\regist\\confirm_content.vm": "UTF-8"}, {"C:\\hosoya\\application\\Sublime Text\\Data\\Packages\\User\\bh_tag.sublime-settings": "ASCII"}, {"null": "UTF-8"}, {"C:\\Users\\k-hosoya\\git\\wos2\\www\\template\\common\\sp\\order\\member\\regist_content.vm": "UTF-8"}, {"C:\\hosoya\\SVN\\rex-wos-renewal\\trunk\\01.DEV\\03.DD(\u8a73\u7d30\u8a2d\u8a08)\\02.\u30d5\u30ed\u30f3\u30c8\u5236\u4f5c\\\u9280\u306e\u3055\u3089_SP\\htdocs\\ginsara\\sp\\order\\01.html": "UTF-8"}, {"C:\\Users\\k-hosoya\\git\\wos2\\www\\template\\common\\store\\shopName_detail.vm": "UTF-8"}, {"C:\\Users\\k-hosoya\\git\\wos2\\www\\template\\common\\sp\\order\\step3.vm": "UTF-8"}, {"C:\\Users\\k-hosoya\\git\\wos2\\www\\template\\common\\order\\step3.vm": "UTF-8"}, {"C:\\hosoya\\dbdump_insert_20160408.txt": "UTF-8"}, {"C:\\Users\\k-hosoya\\git\\wos2\\www\\htdocs\\common\\com\\js\\validator.js": "UTF-8"}]