{
	"1.2.10": "messages/1.2.10.txt",
	"1.2.9": "messages/1.2.9.txt",
	"1.2.8": "messages/1.2.8.txt",
	"1.2.6": "messages/1.2.6.txt",
	"1.2.5": "messages/1.2.5.txt",
	"1.2.4": "messages/1.2.4.txt",
	"1.2.3": "messages/1.2.3.txt",
	"1.2.2": "messages/1.2.2.txt",
	"1.2.1": "messages/1.2.1.txt",
	"1.2.0": "messages/1.2.0.txt",
	"1.1.5": "messages/1.1.5.txt",
	"1.1.4": "messages/1.1.4.txt",
	"1.1.3": "messages/1.1.3.txt",
	"1.1.2": "messages/1.1.2.txt",
	"1.1.1": "messages/1.1.1.txt",
	"1.1.0": "messages/1.1.0.txt",
	"install": "messages/install.txt"
}
